{
  "总轮次": 50,
  "平台总效用": 11.850918,
  "买家总效用列表": [
    0.661986,
    0.412593,
    0.76968,
    0.562201,
    0.256941,
    1.056518,
    0.673951,
    0.673878,
    0.273007,
    0.54061,
    0.359744,
    0.885747,
    0.55876,
    0.709922,
    0.387681,
    0.315726,
    0.520179,
    0.238374,
    0.91115,
    0.718666,
    0.720065,
    0.356134,
    0.879786,
    0.803588,
    0.690888,
    0.301594,
    0.384762,
    0.229958,
    0.284347,
    0.597247,
    0.657866,
    0.876657,
    0.346146,
    0.358861,
    0.387547,
    0.299399,
    0.273997,
    0.393587,
    0.315593,
    0.584248,
    0.368081,
    0.74422,
    0.614158,
    0.343355,
    0.743809,
    0.716802,
    0.361674,
    0.335517,
    0.596704,
    0.283867
  ],
  "买家平均效用": 0.526755,
  "卖家总效用列表": [
    0.108981,
    -0.998868,
    0.161302
  ]
}