{
  "总轮次": 50,
  "平台总效用": 9.495012,
  "买家总效用列表": [
    1.005753,
    0.520024,
    0.622344,
    0.720716,
    0.285695,
    0.712734,
    0.689005,
    0.670897,
    0.313182,
    0.568765,
    0.509675,
    0.664743,
    0.579065,
    0.562588,
    0.466551,
    0.350656,
    0.51223,
    0.267307,
    0.567371,
    0.574034,
    0.695808,
    0.417102,
    0.85523,
    0.631698,
    0.653854,
    0.331789,
    0.544989,
    0.231865,
    0.302713,
    0.633009,
    0.584197,
    0.72932,
    0.413291,
    0.457581,
    0.568898,
    0.327718,
    0.292331,
    0.54668,
    0.372439,
    0.51058,
    0.522368,
    0.670551,
    0.588076,
    0.410079,
    0.67014,
    0.569465,
    0.480165,
    0.397769,
    0.703696,
    0.285477
  ],
  "买家平均效用": 0.531244,
  "卖家总效用列表": [
    -0.178683,
    -0.996377,
    -0.153252
  ]
}