{
  "总轮次": 50,
  "平台总效用": 10.280361,
  "买家总效用列表": [
    1.005753,
    0.459398,
    0.622344,
    0.554571,
    0.282679,
    0.73729,
    0.537434,
    0.545573,
    0.312419,
    0.568124,
    0.507667,
    0.664744,
    0.508786,
    0.562588,
    0.575329,
    0.398992,
    0.651495,
    0.258917,
    0.567371,
    0.549768,
    0.543113,
    0.47724,
    0.707896,
    0.631698,
    0.562559,
    0.345497,
    0.571963,
    0.22517,
    0.31071,
    0.606315,
    0.582368,
    0.72932,
    0.439285,
    0.483013,
    0.555254,
    0.332148,
    0.277028,
    0.459101,
    0.358733,
    0.515706,
    0.527899,
    0.596883,
    0.509719,
    0.423914,
    0.596472,
    0.569465,
    0.49372,
    0.386464,
    0.736576,
    0.289685
  ],
  "买家平均效用": 0.514323,
  "卖家总效用列表": [
    -0.063907,
    -0.99776,
    -0.059551
  ]
}