{
  "总轮次": 30,
  "平台总效用": 7.986708,
  "买家总效用列表": [
    1.005753,
    0.432214,
    0.622344,
    0.52362,
    0.257207,
    0.73729,
    0.536513,
    0.551097,
    0.272536,
    0.437321,
    0.398919,
    0.689299,
    0.510048,
    0.587143,
    0.435134,
    0.329128,
    0.470724,
    0.236931,
    0.591926,
    0.501904,
    0.523619,
    0.392405,
    0.732452,
    0.656252,
    0.538996,
    0.31454,
    0.444688,
    0.233003,
    0.296628,
    0.508183
  ],
  "买家平均效用": 0.492261,
  "卖家总效用列表": [
    0.155163,
    -0.598567,
    0.10477
  ]
}