{
  "总轮次": 50,
  "平台总效用": 12.586531,
  "买家总效用列表": [
    1.005753,
    0.450607,
    0.622344,
    0.554571,
    0.266732,
    0.73729,
    0.545352,
    0.551097,
    0.288073,
    0.459775,
    0.407631,
    0.689299,
    0.537016,
    0.587143,
    0.453876,
    0.3369,
    0.500793,
    0.239718,
    0.591926,
    0.519972,
    0.523619,
    0.4136,
    0.732452,
    0.656252,
    0.562683,
    0.315891,
    0.443642,
    0.233801,
    0.297874,
    0.532485,
    0.520744,
    0.72932,
    0.384732,
    0.408873,
    0.446609,
    0.30991,
    0.276506,
    0.444214,
    0.337033,
    0.513205,
    0.431638,
    0.596885,
    0.511673,
    0.373291,
    0.596474,
    0.569465,
    0.407803,
    0.372289,
    0.508319,
    0.290764
  ],
  "买家平均效用": 0.481758,
  "卖家总效用列表": [
    0.173286,
    -0.997683,
    0.101721
  ]
}