{
  "总轮次": 50,
  "平台总效用": 12.742635,
  "买家总效用列表": [
    0.809319,
    0.431083,
    0.818792,
    0.63587,
    0.273112,
    0.86007,
    0.62484,
    0.649321,
    0.297503,
    0.408423,
    0.38961,
    0.787522,
    0.509648,
    0.685368,
    0.408392,
    0.34368,
    0.421954,
    0.262716,
    0.69015,
    0.497664,
    0.621842,
    0.388754,
    0.830674,
    0.754476,
    0.641779,
    0.329873,
    0.411054,
    0.250316,
    0.310656,
    0.548136,
    0.608752,
    0.827546,
    0.377349,
    0.391345,
    0.411693,
    0.326355,
    0.29745,
    0.411699,
    0.343542,
    0.535136,
    0.405021,
    0.695107,
    0.565046,
    0.375035,
    0.694696,
    0.66769,
    0.395357,
    0.366029,
    0.547592,
    0.304431
  ],
  "买家平均效用": 0.508789,
  "卖家总效用列表": [
    0.263083,
    -0.999012,
    0.204034
  ]
}