{
  "总轮次": 50,
  "平台总效用": 13.345112,
  "买家总效用列表": [
    0.907545,
    0.578419,
    0.990684,
    0.832318,
    0.23984,
    1.10563,
    0.894957,
    0.919439,
    0.248618,
    0.54061,
    0.43788,
    0.983972,
    0.706097,
    0.85726,
    0.460094,
    0.223202,
    0.520178,
    0.032844,
    0.739263,
    0.522221,
    0.621844,
    0.235144,
    0.830678,
    0.754478,
    0.641779,
    0.078243,
    0.345227,
    -0.06997,
    0.03852,
    0.548137,
    0.63331,
    0.852101,
    0.240632,
    0.284793,
    0.382386,
    0.097585,
    0.039167,
    0.396474,
    0.171321,
    0.559693,
    0.350313,
    0.719665,
    0.589603,
    0.218218,
    0.719254,
    0.692247,
    0.301899,
    0.351064,
    0.572149,
    0.05844
  ],
  "买家平均效用": 0.499909,
  "卖家总效用列表": [
    0.318183,
    -0.999743,
    0.319517
  ]
}