{
  "总轮次": 50,
  "平台总效用": 12.990473,
  "买家总效用列表": [
    1.005753,
    0.432214,
    0.622344,
    0.52362,
    0.257207,
    0.73729,
    0.536513,
    0.551097,
    0.272536,
    0.437321,
    0.398919,
    0.689299,
    0.510048,
    0.587143,
    0.435134,
    0.329099,
    0.470724,
    0.236931,
    0.591926,
    0.493781,
    0.523619,
    0.392405,
    0.732452,
    0.656252,
    0.543553,
    0.318649,
    0.434909,
    0.227112,
    0.284856,
    0.509846,
    0.515702,
    0.72932,
    0.382278,
    0.39836,
    0.441825,
    0.315036,
    0.289622,
    0.440265,
    0.330601,
    0.505593,
    0.429535,
    0.596883,
    0.510524,
    0.373733,
    0.596472,
    0.569465,
    0.405192,
    0.358713,
    0.509393,
    0.285648
  ],
  "买家平均效用": 0.474534,
  "卖家总效用列表": [
    0.1951,
    -0.996824,
    0.160514
  ]
}