{
  "总轮次": 50,
  "平台总效用": 9.439332,
  "买家总效用列表": [
    1.005753,
    0.450607,
    0.622344,
    0.632335,
    0.257201,
    0.73729,
    0.689005,
    0.714903,
    0.276774,
    0.429481,
    0.46392,
    0.812078,
    0.534205,
    0.636255,
    0.516798,
    0.337689,
    0.617552,
    0.19698,
    0.714707,
    0.648551,
    0.523619,
    0.443696,
    0.732452,
    0.631698,
    0.801261,
    0.313055,
    0.541232,
    0.19142,
    0.28355,
    0.715976,
    0.515964,
    0.72932,
    0.426181,
    0.47233,
    0.542494,
    0.304054,
    0.25424,
    0.544944,
    0.343459,
    0.699545,
    0.512619,
    0.596883,
    0.745479,
    0.408158,
    0.596472,
    0.569465,
    0.474217,
    0.404126,
    0.708935,
    0.271857
  ],
  "买家平均效用": 0.531863,
  "卖家总效用列表": [
    -0.143808,
    -0.99716,
    -0.20028
  ]
}