{
  "总轮次": 50,
  "平台总效用": 12.39441,
  "买家总效用列表": [
    0.809319,
    0.38197,
    0.76968,
    0.586756,
    0.260765,
    0.909182,
    0.673951,
    0.698434,
    0.276516,
    0.368718,
    0.358711,
    0.861189,
    0.55876,
    0.734478,
    0.368205,
    0.314483,
    0.471066,
    0.239194,
    0.739261,
    0.546776,
    0.670954,
    0.356349,
    0.879786,
    0.803588,
    0.690888,
    0.303633,
    0.384762,
    0.227007,
    0.285238,
    0.597247,
    0.657866,
    0.876657,
    0.348389,
    0.359807,
    0.387547,
    0.301276,
    0.271542,
    0.393587,
    0.311074,
    0.584248,
    0.367742,
    0.74422,
    0.614158,
    0.345444,
    0.743809,
    0.716802,
    0.361937,
    0.338793,
    0.596704,
    0.279282
  ],
  "买家平均效用": 0.514555,
  "卖家总效用列表": [
    0.191061,
    -0.998645,
    0.191557
  ]
}