{
  "总轮次": 50,
  "平台总效用": 12.460401,
  "买家总效用列表": [
    0.809319,
    0.455639,
    0.843348,
    0.660425,
    0.255937,
    0.884626,
    0.649396,
    0.649321,
    0.279376,
    0.418646,
    0.393482,
    0.689299,
    0.509629,
    0.562335,
    0.439209,
    0.322242,
    0.487799,
    0.240609,
    0.56737,
    0.504801,
    0.536146,
    0.396008,
    0.707896,
    0.631698,
    0.543553,
    0.315337,
    0.43745,
    0.222164,
    0.298693,
    0.522466,
    0.534921,
    0.704764,
    0.378117,
    0.398731,
    0.452335,
    0.313292,
    0.279315,
    0.457438,
    0.338182,
    0.52018,
    0.42602,
    0.572327,
    0.525712,
    0.376228,
    0.571917,
    0.544911,
    0.40573,
    0.351805,
    0.52099,
    0.296918
  ],
  "买家平均效用": 0.484081,
  "卖家总效用列表": [
    0.113529,
    -0.99684,
    0.125778
  ]
}