{
  "总轮次": 50,
  "平台总效用": 11.870299,
  "买家总效用列表": [
    0.686541,
    0.526738,
    0.76968,
    0.611313,
    0.310204,
    0.884626,
    0.673951,
    0.698434,
    0.271073,
    0.368718,
    0.359743,
    0.836636,
    0.55876,
    0.734478,
    0.368275,
    0.311607,
    0.471066,
    0.264228,
    0.739261,
    0.546776,
    0.670954,
    0.356154,
    0.879786,
    0.803588,
    0.690888,
    0.301613,
    0.384762,
    0.264246,
    0.284342,
    0.597247,
    0.657866,
    0.876657,
    0.346163,
    0.35883,
    0.387547,
    0.381431,
    0.334391,
    0.393587,
    0.315598,
    0.584248,
    0.368036,
    0.74422,
    0.614158,
    0.481194,
    0.743809,
    0.716802,
    0.361656,
    0.335534,
    0.596704,
    0.283846
  ],
  "买家平均效用": 0.522159,
  "卖家总效用列表": [
    0.121482,
    -0.99901,
    0.170608
  ]
}