{
  "总轮次": 50,
  "平台总效用": 12.357964,
  "买家总效用列表": [
    0.907541,
    0.480194,
    0.843348,
    0.660425,
    0.255937,
    0.884626,
    0.649396,
    0.649321,
    0.278231,
    0.401616,
    0.377483,
    0.787522,
    0.509648,
    0.709922,
    0.388238,
    0.321577,
    0.44651,
    0.242174,
    0.714707,
    0.522221,
    0.646398,
    0.368207,
    0.85523,
    0.779035,
    0.666333,
    0.308801,
    0.390652,
    0.230169,
    0.289335,
    0.572691,
    0.633309,
    0.852101,
    0.355993,
    0.370431,
    0.391156,
    0.303892,
    0.276502,
    0.391273,
    0.321927,
    0.559692,
    0.38488,
    0.719664,
    0.589604,
    0.353895,
    0.719253,
    0.692245,
    0.375051,
    0.345121,
    0.572148,
    0.282667
  ],
  "买家平均效用": 0.512566,
  "卖家总效用列表": [
    0.205478,
    -0.998534,
    0.147423
  ]
}