{
  "总轮次": 50,
  "平台总效用": 11.302063,
  "买家总效用列表": [
    0.68654,
    0.417501,
    0.769678,
    0.586757,
    0.270041,
    0.884623,
    0.673953,
    0.673877,
    0.28938,
    0.368719,
    0.438253,
    0.836634,
    0.558761,
    0.734479,
    0.3897,
    0.34651,
    0.471066,
    0.248657,
    0.739262,
    0.546776,
    0.670954,
    0.423861,
    0.879788,
    0.828144,
    0.715444,
    0.358165,
    0.40932,
    0.256249,
    0.323821,
    0.621805,
    0.68242,
    0.876658,
    0.435209,
    0.397756,
    0.412104,
    0.335969,
    0.302828,
    0.418143,
    0.362962,
    0.608805,
    0.380275,
    0.768775,
    0.638713,
    0.431946,
    0.768366,
    0.741356,
    0.492391,
    0.404907,
    0.621261,
    0.28039
  ],
  "买家平均效用": 0.535599,
  "卖家总效用列表": [
    0.081111,
    -0.998948,
    0.086773
  ]
}