{
  "总轮次": 50,
  "平台总效用": 7.908963,
  "买家总效用列表": [
    1.005753,
    0.520024,
    0.622344,
    0.720716,
    0.274032,
    0.712734,
    0.771905,
    0.55721,
    0.302499,
    0.563041,
    0.500707,
    0.664743,
    0.654123,
    0.562588,
    0.535825,
    0.393198,
    0.618164,
    0.254264,
    0.567371,
    0.668513,
    0.784593,
    0.447103,
    0.707896,
    0.631698,
    0.69688,
    0.345779,
    0.572556,
    0.231865,
    0.320542,
    0.633009,
    0.535456,
    0.704764,
    0.450332,
    0.496017,
    0.567198,
    0.352518,
    0.300611,
    0.576316,
    0.387967,
    0.706937,
    0.546609,
    0.572327,
    0.633684,
    0.447139,
    0.571917,
    0.544911,
    0.519819,
    0.404595,
    0.751083,
    0.31876
  ],
  "买家平均效用": 0.544613,
  "卖家总效用列表": [
    -0.298702,
    -0.99775,
    -0.290433
  ]
}