{
  "总轮次": 50,
  "平台总效用": 12.494134,
  "买家总效用列表": [
    1.005753,
    0.450607,
    0.622344,
    0.583652,
    0.255832,
    0.73729,
    0.613219,
    0.551097,
    0.27866,
    0.459775,
    0.426821,
    0.689299,
    0.564723,
    0.587143,
    0.435141,
    0.32914,
    0.476787,
    0.236935,
    0.591926,
    0.501882,
    0.523619,
    0.392416,
    0.732452,
    0.656252,
    0.538982,
    0.314551,
    0.444698,
    0.233003,
    0.296624,
    0.508221,
    0.515964,
    0.72932,
    0.382374,
    0.408643,
    0.441707,
    0.307172,
    0.274046,
    0.441276,
    0.334731,
    0.505965,
    0.428201,
    0.730755,
    0.515935,
    0.369722,
    0.621029,
    0.594022,
    0.405404,
    0.369618,
    0.490622,
    0.288644
  ],
  "买家平均效用": 0.48388,
  "卖家总效用列表": [
    0.158127,
    -0.997586,
    0.090645
  ]
}