{
  "总轮次": 50,
  "平台总效用": 12.371166,
  "买家总效用列表": [
    0.809319,
    0.455639,
    0.843348,
    0.660425,
    0.255937,
    0.884626,
    0.649396,
    0.649321,
    0.279376,
    0.401616,
    0.3686,
    0.836636,
    0.55876,
    0.734478,
    0.368526,
    0.316416,
    0.471066,
    0.241292,
    0.763817,
    0.546776,
    0.646398,
    0.377144,
    0.830674,
    0.779035,
    0.690888,
    0.304269,
    0.384762,
    0.22937,
    0.289109,
    0.572691,
    0.608752,
    0.827546,
    0.355283,
    0.360537,
    0.387547,
    0.301234,
    0.274488,
    0.392126,
    0.320752,
    0.535136,
    0.387427,
    0.74422,
    0.614158,
    0.344209,
    0.743809,
    0.716802,
    0.361629,
    0.351377,
    0.572148,
    0.283848
  ],
  "买家平均效用": 0.513655,
  "卖家总效用列表": [
    0.206831,
    -0.998194,
    0.164373
  ]
}