{
  "总轮次": 50,
  "平台总效用": 12.19921,
  "买家总效用列表": [
    0.907541,
    0.480194,
    0.843348,
    0.660425,
    0.255937,
    0.884626,
    0.649396,
    0.649321,
    0.279376,
    0.401616,
    0.3686,
    0.836636,
    0.55876,
    0.734478,
    0.368526,
    0.316416,
    0.471066,
    0.242174,
    0.69015,
    0.522221,
    0.670954,
    0.356533,
    0.879786,
    0.803588,
    0.690888,
    0.304269,
    0.390652,
    0.230169,
    0.28628,
    0.597247,
    0.657866,
    0.876657,
    0.34662,
    0.358527,
    0.387547,
    0.29879,
    0.277402,
    0.393587,
    0.317847,
    0.584248,
    0.368385,
    0.74422,
    0.614158,
    0.345221,
    0.743809,
    0.716802,
    0.362234,
    0.339541,
    0.596704,
    0.276489
  ],
  "买家平均效用": 0.518756,
  "卖家总效用列表": [
    0.200585,
    -0.998439,
    0.141948
  ]
}