{
  "总轮次": 50,
  "平台总效用": 10.441741,
  "买家总效用列表": [
    1.005753,
    0.450607,
    0.622344,
    0.583652,
    0.27565,
    0.73729,
    0.64147,
    0.667474,
    0.311227,
    0.584101,
    0.514929,
    0.762968,
    0.57943,
    0.66081,
    0.466551,
    0.350656,
    0.482198,
    0.258173,
    0.665593,
    0.574034,
    0.597287,
    0.421035,
    0.732452,
    0.656252,
    0.603571,
    0.334877,
    0.474059,
    0.23996,
    0.315053,
    0.562308,
    0.515467,
    0.72932,
    0.419265,
    0.456991,
    0.56144,
    0.334217,
    0.29054,
    0.535912,
    0.339455,
    0.713672,
    0.44966,
    0.62144,
    0.57992,
    0.368802,
    0.67014,
    0.569465,
    0.435199,
    0.394598,
    0.6185,
    0.299741
  ],
  "买家平均效用": 0.52071,
  "卖家总效用列表": [
    -0.113294,
    -0.99673,
    -0.037062
  ]
}