{
  "总轮次": 50,
  "平台总效用": 11.376034,
  "买家总效用列表": [
    0.661986,
    0.49591,
    0.745124,
    0.586756,
    0.307605,
    0.86007,
    0.649395,
    0.673878,
    0.291819,
    0.39027,
    0.378104,
    0.812078,
    0.534205,
    0.709922,
    0.389318,
    0.335523,
    0.44651,
    0.306303,
    0.714707,
    0.522221,
    0.646398,
    0.37479,
    0.85523,
    0.779035,
    0.666333,
    0.427332,
    0.391477,
    0.247369,
    0.390065,
    0.572691,
    0.633309,
    0.852102,
    0.367399,
    0.575014,
    0.391827,
    0.420715,
    0.36271,
    0.392142,
    0.45431,
    0.559692,
    0.64091,
    0.719664,
    0.589604,
    0.528532,
    0.719253,
    0.692245,
    0.381988,
    0.503394,
    0.572148,
    0.297869
  ],
  "买家平均效用": 0.536345,
  "卖家总效用列表": [
    0.089162,
    -0.999556,
    0.133689
  ]
}