{
  "总轮次": 50,
  "平台总效用": 12.516866,
  "买家总效用列表": [
    0.637429,
    0.420924,
    0.76968,
    0.586756,
    0.256941,
    0.884626,
    0.673951,
    0.698434,
    0.271068,
    0.368718,
    0.359744,
    0.836636,
    0.55876,
    0.734478,
    0.368262,
    0.311587,
    0.471066,
    0.243773,
    0.739261,
    0.546776,
    0.670954,
    0.356134,
    0.879786,
    0.803588,
    0.690888,
    0.301594,
    0.384762,
    0.229958,
    0.284347,
    0.597247,
    0.657866,
    0.876657,
    0.346146,
    0.358861,
    0.387547,
    0.299399,
    0.273997,
    0.393587,
    0.315593,
    0.584248,
    0.368081,
    0.74422,
    0.614158,
    0.343355,
    0.743809,
    0.716802,
    0.361674,
    0.335517,
    0.596704,
    0.283867
  ],
  "买家平均效用": 0.510804,
  "卖家总效用列表": [
    0.176988,
    -0.998852,
    0.226729
  ]
}