{
  "总轮次": 50,
  "平台总效用": 12.566013,
  "买家总效用列表": [
    0.809319,
    0.431083,
    0.794236,
    0.586756,
    0.262122,
    0.86007,
    0.649396,
    0.673878,
    0.276516,
    0.388274,
    0.3686,
    0.812078,
    0.534205,
    0.709922,
    0.388238,
    0.321577,
    0.44651,
    0.242174,
    0.714707,
    0.522221,
    0.646398,
    0.368207,
    0.85523,
    0.779035,
    0.666333,
    0.308801,
    0.390652,
    0.230169,
    0.289335,
    0.572691,
    0.633309,
    0.852101,
    0.355993,
    0.370431,
    0.391156,
    0.303892,
    0.276502,
    0.391273,
    0.321927,
    0.559692,
    0.38488,
    0.719664,
    0.589604,
    0.353895,
    0.719253,
    0.692245,
    0.375051,
    0.345121,
    0.572148,
    0.282667
  ],
  "买家平均效用": 0.507791,
  "卖家总效用列表": [
    0.23064,
    -0.99856,
    0.16706
  ]
}