{
  "总轮次": 50,
  "平台总效用": 12.441008,
  "买家总效用列表": [
    0.809319,
    0.431083,
    0.794236,
    0.586756,
    0.237014,
    0.86007,
    0.649396,
    0.673878,
    0.25143,
    0.381835,
    0.35217,
    0.812078,
    0.534205,
    0.709922,
    0.381785,
    0.29451,
    0.44651,
    0.215603,
    0.714707,
    0.522221,
    0.646398,
    0.351275,
    0.85523,
    0.779035,
    0.666333,
    0.283918,
    0.38746,
    0.205101,
    0.261705,
    0.572691,
    0.633309,
    0.852101,
    0.336013,
    0.353781,
    0.388489,
    0.274885,
    0.249555,
    0.388925,
    0.29577,
    0.559692,
    0.376739,
    0.719664,
    0.589604,
    0.332729,
    0.719253,
    0.692245,
    0.361777,
    0.324159,
    0.572148,
    0.252559
  ],
  "买家平均效用": 0.498825,
  "卖家总效用列表": [
    0.179289,
    -0.997734,
    0.119229
  ]
}