{
  "总轮次": 50,
  "平台总效用": 9.367117,
  "买家总效用列表": [
    1.005753,
    0.520024,
    0.622344,
    0.720716,
    0.274032,
    0.712734,
    0.689005,
    0.670897,
    0.302499,
    0.563041,
    0.504025,
    0.689299,
    0.579065,
    0.562588,
    0.466551,
    0.350656,
    0.51223,
    0.254264,
    0.567371,
    0.574034,
    0.695808,
    0.451398,
    0.85523,
    0.631698,
    0.653854,
    0.348233,
    0.544989,
    0.231865,
    0.320542,
    0.633009,
    0.584197,
    0.72932,
    0.413291,
    0.457581,
    0.568898,
    0.345494,
    0.314092,
    0.54668,
    0.387227,
    0.51058,
    0.520756,
    0.670551,
    0.647937,
    0.410079,
    0.67014,
    0.569465,
    0.480165,
    0.397769,
    0.703696,
    0.260312
  ],
  "买家平均效用": 0.53392,
  "卖家总效用列表": [
    -0.191246,
    -0.996228,
    -0.167285
  ]
}