{
  "总轮次": 50,
  "平台总效用": 7.651344,
  "买家总效用列表": [
    1.005753,
    0.520024,
    0.622344,
    0.720716,
    0.290784,
    0.712734,
    0.549963,
    0.540015,
    0.317244,
    0.568359,
    0.51227,
    0.664743,
    0.678676,
    0.562588,
    0.57702,
    0.40597,
    0.653613,
    0.273519,
    0.567371,
    0.697426,
    0.536453,
    0.493472,
    0.707896,
    0.631698,
    0.79844,
    0.358744,
    0.577625,
    0.246997,
    0.33342,
    0.779878,
    0.548542,
    0.704764,
    0.457055,
    0.502444,
    0.568281,
    0.365859,
    0.31117,
    0.576272,
    0.400163,
    0.703565,
    0.549292,
    0.589667,
    0.442268,
    0.370234,
    0.571917,
    0.54491,
    0.504295,
    0.434946,
    0.62143,
    0.33051
  ],
  "买家平均效用": 0.540067,
  "卖家总效用列表": [
    -0.294395,
    -0.99936,
    -0.245418
  ]
}