{
  "总轮次": 50,
  "平台总效用": 13.134407,
  "买家总效用列表": [
    1.005753,
    0.454431,
    0.622344,
    0.532066,
    0.284538,
    0.73729,
    0.538653,
    0.551097,
    0.304674,
    0.462494,
    0.42579,
    0.689299,
    0.522672,
    0.587143,
    0.461862,
    0.361462,
    0.48727,
    0.265036,
    0.591926,
    0.518064,
    0.523619,
    0.41954,
    0.732452,
    0.656252,
    0.539706,
    0.34494,
    0.469329,
    0.256492,
    0.321505,
    0.512167,
    0.515922,
    0.72932,
    0.407619,
    0.431639,
    0.463119,
    0.33677,
    0.30311,
    0.462413,
    0.361396,
    0.511023,
    0.452001,
    0.596883,
    0.513603,
    0.402229,
    0.596472,
    0.569465,
    0.43364,
    0.396162,
    0.511147,
    0.3139
  ],
  "买家平均效用": 0.489754,
  "卖家总效用列表": [
    0.28462,
    -0.998518,
    0.203368
  ]
}