{
  "总轮次": 50,
  "平台总效用": 7.425959,
  "买家总效用列表": [
    1.005753,
    0.407585,
    0.622344,
    0.576144,
    0.2472,
    0.73729,
    0.596692,
    0.625197,
    0.274067,
    0.516866,
    0.46514,
    0.762968,
    0.612096,
    0.562588,
    0.506882,
    0.348798,
    0.585942,
    0.231385,
    0.567371,
    0.629836,
    0.637325,
    0.434849,
    0.707896,
    0.631698,
    0.602985,
    0.313097,
    0.513428,
    0.207126,
    0.289116,
    0.712005,
    0.587415,
    0.704764,
    0.406107,
    0.447903,
    0.508994,
    0.32057,
    0.265584,
    0.514634,
    0.351255,
    0.642586,
    0.490864,
    0.572327,
    0.678762,
    0.401234,
    0.571917,
    0.544911,
    0.47038,
    0.364373,
    0.686024,
    0.287465
  ],
  "买家平均效用": 0.514995,
  "卖家总效用列表": [
    -0.395844,
    -0.996685,
    -0.371644
  ]
}