{
  "总轮次": 50,
  "平台总效用": 10.79531,
  "买家总效用列表": [
    0.661986,
    0.516704,
    0.745124,
    0.586756,
    0.228392,
    0.86007,
    0.649395,
    0.673878,
    0.244524,
    0.382857,
    0.353677,
    0.812078,
    0.534205,
    0.709922,
    0.378857,
    0.292742,
    0.44651,
    0.23262,
    0.714707,
    0.522221,
    0.646398,
    0.347033,
    0.85523,
    0.779035,
    0.666333,
    0.334531,
    0.385909,
    0.241481,
    0.315184,
    0.572691,
    0.633309,
    0.852102,
    0.336544,
    0.481416,
    0.388211,
    0.356271,
    0.294869,
    0.564762,
    0.377043,
    0.559692,
    0.525802,
    0.719664,
    0.589604,
    0.433038,
    0.719253,
    0.692245,
    0.46802,
    0.318837,
    0.572148,
    0.253254
  ],
  "买家平均效用": 0.516543,
  "卖家总效用列表": [
    -0.017223,
    -0.998381,
    0.039002
  ]
}