{
  "总轮次": 50,
  "平台总效用": 6.689329,
  "买家总效用列表": [
    1.005753,
    0.520024,
    0.622344,
    0.720716,
    0.290784,
    0.712734,
    0.645013,
    0.55721,
    0.317244,
    0.568359,
    0.51227,
    0.664743,
    0.673284,
    0.564031,
    0.562776,
    0.384444,
    0.656826,
    0.270256,
    0.567371,
    0.69701,
    0.811026,
    0.500005,
    0.68334,
    0.607141,
    0.554779,
    0.362092,
    0.610582,
    0.251448,
    0.346919,
    0.728282,
    0.796263,
    0.680208,
    0.476078,
    0.502603,
    0.568061,
    0.36442,
    0.312377,
    0.575054,
    0.384498,
    0.732158,
    0.526126,
    0.56458,
    0.590289,
    0.480565,
    0.563798,
    0.561971,
    0.517589,
    0.437936,
    0.739291,
    0.310763
  ],
  "买家平均效用": 0.553069,
  "卖家总效用列表": [
    -0.343683,
    -0.999396,
    -0.386274
  ]
}