{
  "总轮次": 50,
  "平台总效用": 12.470285,
  "买家总效用列表": [
    0.809319,
    0.431083,
    0.794236,
    0.611313,
    0.260765,
    0.884626,
    0.673951,
    0.698434,
    0.274041,
    0.368718,
    0.358711,
    0.836636,
    0.55876,
    0.734478,
    0.386672,
    0.318993,
    0.44651,
    0.239845,
    0.714707,
    0.522221,
    0.646398,
    0.368189,
    0.85523,
    0.779035,
    0.666333,
    0.30779,
    0.390406,
    0.229018,
    0.287169,
    0.572691,
    0.633309,
    0.852101,
    0.35563,
    0.374191,
    0.389999,
    0.301644,
    0.277161,
    0.391898,
    0.323676,
    0.559692,
    0.385304,
    0.719664,
    0.589604,
    0.355236,
    0.719253,
    0.692245,
    0.375337,
    0.346568,
    0.572148,
    0.279879
  ],
  "买家平均效用": 0.510416,
  "卖家总效用列表": [
    0.169035,
    -0.998415,
    0.214532
  ]
}