{
  "总轮次": 50,
  "平台总效用": 6.942475,
  "买家总效用列表": [
    1.005753,
    0.450607,
    0.622344,
    0.632335,
    0.27565,
    0.73729,
    0.689005,
    0.540015,
    0.302499,
    0.563041,
    0.500707,
    0.664743,
    0.679451,
    0.562588,
    0.57064,
    0.393198,
    0.648568,
    0.254264,
    0.567371,
    0.694524,
    0.804158,
    0.48371,
    0.707896,
    0.631698,
    0.69688,
    0.345779,
    0.572556,
    0.230529,
    0.318603,
    0.773269,
    0.677822,
    0.704764,
    0.446981,
    0.492544,
    0.562551,
    0.350609,
    0.298236,
    0.571421,
    0.387967,
    0.706937,
    0.546609,
    0.572327,
    0.743165,
    0.447139,
    0.571917,
    0.820604,
    0.497448,
    0.424265,
    0.728923,
    0.315294
  ],
  "买家平均效用": 0.555744,
  "卖家总效用列表": [
    -0.391599,
    -0.997896,
    -0.37199
  ]
}