{
  "总轮次": 50,
  "平台总效用": 10.775767,
  "买家总效用列表": [
    0.809319,
    0.406526,
    0.818792,
    0.660425,
    0.253997,
    1.007406,
    0.723063,
    0.747544,
    0.269898,
    0.491498,
    0.413324,
    0.959416,
    0.681541,
    0.857256,
    0.460093,
    0.29176,
    0.544735,
    0.240367,
    0.812929,
    0.620444,
    0.74462,
    0.348228,
    0.953453,
    0.877256,
    0.764557,
    0.28158,
    0.45843,
    0.235478,
    0.279764,
    0.670915,
    0.731531,
    0.950322,
    0.320037,
    0.363879,
    0.461215,
    0.284277,
    0.262828,
    0.467255,
    0.306302,
    0.657916,
    0.429386,
    0.817888,
    0.687827,
    0.306818,
    0.817477,
    0.790467,
    0.380595,
    0.294356,
    0.670372,
    0.264199
  ],
  "买家平均效用": 0.558991,
  "卖家总效用列表": [
    0.034332,
    -0.999249,
    0.071241
  ]
}