{
  "总轮次": 50,
  "平台总效用": 9.642807,
  "买家总效用列表": [
    0.809319,
    0.480194,
    0.89246,
    0.586756,
    0.289118,
    0.86007,
    0.649395,
    0.673878,
    0.315924,
    0.572903,
    0.514711,
    0.812078,
    0.534205,
    0.709922,
    0.581119,
    0.397752,
    0.44651,
    0.259758,
    0.714707,
    0.522221,
    0.646398,
    0.508711,
    0.85523,
    0.779035,
    0.666333,
    0.37458,
    0.600847,
    0.24189,
    0.33748,
    0.572691,
    0.633309,
    0.852102,
    0.48032,
    0.514671,
    0.602038,
    0.363588,
    0.315931,
    0.613579,
    0.399201,
    0.559692,
    0.412083,
    0.719664,
    0.589604,
    0.411454,
    0.719253,
    0.692245,
    0.478401,
    0.390156,
    0.572148,
    0.297154
  ],
  "买家平均效用": 0.556456,
  "卖家总效用列表": [
    -0.071165,
    -0.998906,
    -0.093324
  ]
}