{
  "总轮次": 50,
  "平台总效用": 11.499153,
  "买家总效用列表": [
    0.661986,
    0.527712,
    0.745124,
    0.586756,
    0.282743,
    0.86007,
    0.649395,
    0.673878,
    0.273012,
    0.535409,
    0.370126,
    0.812078,
    0.534205,
    0.709922,
    0.38629,
    0.332882,
    0.44651,
    0.187648,
    0.714707,
    0.522221,
    0.646398,
    0.365721,
    0.85523,
    0.779035,
    0.666333,
    0.348175,
    0.403435,
    0.243774,
    0.340412,
    0.572691,
    0.633309,
    0.852102,
    0.35696,
    0.458089,
    0.445456,
    0.372,
    0.314015,
    0.451577,
    0.402644,
    0.559692,
    0.41332,
    0.719664,
    0.589604,
    0.470486,
    0.719253,
    0.692245,
    0.471668,
    0.386108,
    0.572148,
    0.322892
  ],
  "买家平均效用": 0.524742,
  "卖家总效用列表": [
    0.065922,
    -0.998738,
    0.116174
  ]
}