{
  "总轮次": 50,
  "平台总效用": 11.66999,
  "买家总效用列表": [
    0.809319,
    0.455639,
    0.843348,
    0.660425,
    0.255937,
    0.933738,
    0.698507,
    0.747544,
    0.270554,
    0.41783,
    0.364212,
    0.885747,
    0.583317,
    0.783589,
    0.386426,
    0.298851,
    0.495622,
    0.23792,
    0.812929,
    0.595889,
    0.695509,
    0.323673,
    0.904342,
    0.852702,
    0.715444,
    0.288013,
    0.433875,
    0.233084,
    0.286679,
    0.646359,
    0.682421,
    0.925767,
    0.336497,
    0.339323,
    0.412104,
    0.286878,
    0.272351,
    0.442699,
    0.309931,
    0.633361,
    0.380275,
    0.79333,
    0.638713,
    0.316436,
    0.768363,
    0.765915,
    0.35604,
    0.326095,
    0.62126,
    0.270188
  ],
  "买家平均效用": 0.535899,
  "卖家总效用列表": [
    0.123474,
    -0.999079,
    0.144197
  ]
}