{
  "总轮次": 50,
  "平台总效用": 8.914669,
  "买家总效用列表": [
    1.005753,
    0.565966,
    0.622344,
    0.791007,
    0.251709,
    0.712734,
    0.845033,
    0.871582,
    0.286258,
    0.579864,
    0.413324,
    0.959416,
    0.747388,
    0.563625,
    0.581555,
    0.380628,
    0.66974,
    0.224213,
    0.862043,
    0.732795,
    0.793731,
    0.491469,
    0.707896,
    0.631698,
    0.874751,
    0.34473,
    0.592282,
    0.208175,
    0.311508,
    0.720027,
    0.845367,
    0.704764,
    0.463664,
    0.501148,
    0.58706,
    0.245487,
    0.239667,
    0.516366,
    0.271991,
    0.707026,
    0.478499,
    0.866997,
    0.663242,
    0.406272,
    0.596472,
    0.569465,
    0.479745,
    0.424535,
    0.649509,
    0.324933
  ],
  "买家平均效用": 0.577709,
  "卖家总效用列表": [
    -0.191184,
    -0.997893,
    -0.147734
  ]
}