{
  "总轮次": 50,
  "平台总效用": 8.022187,
  "买家总效用列表": [
    0.907541,
    0.553862,
    0.990684,
    0.807757,
    0.215284,
    1.056518,
    0.821287,
    0.870326,
    0.224062,
    0.54061,
    0.43788,
    1.008526,
    0.730653,
    0.90637,
    0.533761,
    0.321425,
    0.642956,
    0.193603,
    0.91115,
    0.718666,
    0.842843,
    0.446452,
    1.051676,
    0.975476,
    0.862778,
    0.289405,
    0.556655,
    0.190795,
    0.249772,
    0.769138,
    0.829754,
    1.048543,
    0.418262,
    0.462103,
    0.559437,
    0.284329,
    0.225837,
    0.565477,
    0.321102,
    0.756139,
    0.527609,
    0.916112,
    0.786051,
    0.405041,
    0.915701,
    0.88869,
    0.478818,
    0.38143,
    0.768595,
    0.235494
  ],
  "买家平均效用": 0.628049,
  "卖家总效用列表": [
    -0.213921,
    -0.999924,
    -0.196266
  ]
}