{
  "总轮次": 50,
  "平台总效用": 12.961287,
  "买家总效用列表": [
    1.005753,
    0.432214,
    0.622344,
    0.52362,
    0.257207,
    0.73729,
    0.536513,
    0.551097,
    0.272536,
    0.437321,
    0.398919,
    0.689299,
    0.510048,
    0.587143,
    0.435134,
    0.329128,
    0.470724,
    0.236931,
    0.591926,
    0.501904,
    0.523619,
    0.392405,
    0.732452,
    0.656252,
    0.538996,
    0.31454,
    0.444688,
    0.233003,
    0.296628,
    0.508183,
    0.516002,
    0.72932,
    0.382364,
    0.408662,
    0.441729,
    0.307181,
    0.27404,
    0.441273,
    0.334728,
    0.505955,
    0.428224,
    0.596883,
    0.511454,
    0.372409,
    0.596472,
    0.569465,
    0.408945,
    0.372958,
    0.506452,
    0.290835
  ],
  "买家平均效用": 0.475263,
  "卖家总效用列表": [
    0.210232,
    -0.997585,
    0.142481
  ]
}