{
  "总轮次": 50,
  "平台总效用": 10.140136,
  "买家总效用列表": [
    0.809319,
    0.455639,
    0.867904,
    0.684979,
    0.251998,
    0.958294,
    0.747619,
    0.772102,
    0.25912,
    0.466942,
    0.388768,
    0.934857,
    0.656983,
    0.832703,
    0.460093,
    0.269139,
    0.56929,
    0.228161,
    0.837484,
    0.644999,
    0.769176,
    0.372784,
    0.978009,
    0.90181,
    0.789114,
    0.265027,
    0.482987,
    0.223601,
    0.258577,
    0.695471,
    0.756088,
    0.974877,
    0.344594,
    0.388435,
    0.485771,
    0.264422,
    0.248741,
    0.491811,
    0.269182,
    0.707026,
    0.478499,
    0.866997,
    0.736936,
    0.35593,
    0.866586,
    0.839579,
    0.429707,
    0.332318,
    0.719483,
    0.362535
  ],
  "买家平均效用": 0.575049,
  "卖家总效用列表": [
    -0.02365,
    -0.999561,
    0.015027
  ]
}