{
  "总轮次": 50,
  "平台总效用": 11.253947,
  "买家总效用列表": [
    0.907541,
    0.553862,
    0.990684,
    0.807757,
    0.260757,
    0.835514,
    0.649395,
    0.649321,
    0.276522,
    0.368718,
    0.342216,
    0.885747,
    0.632429,
    0.783589,
    0.386426,
    0.317935,
    0.471066,
    0.23956,
    0.69015,
    0.522221,
    0.670954,
    0.34035,
    0.904342,
    0.803588,
    0.715444,
    0.302785,
    0.390379,
    0.22774,
    0.308241,
    0.572691,
    0.633309,
    0.852102,
    0.418374,
    0.370902,
    0.391328,
    0.340018,
    0.290393,
    0.392196,
    0.381242,
    0.559692,
    0.52695,
    0.719664,
    0.589604,
    0.443192,
    0.719253,
    0.692245,
    0.474817,
    0.346837,
    0.572148,
    0.290236
  ],
  "买家平均效用": 0.536248,
  "卖家总效用列表": [
    0.094905,
    -0.999023,
    0.058982
  ]
}