{
  "总轮次": 50,
  "平台总效用": 9.401263,
  "买家总效用列表": [
    0.661986,
    0.527507,
    0.720568,
    0.537646,
    0.279413,
    0.810958,
    0.575728,
    0.575654,
    0.299981,
    0.568163,
    0.498899,
    0.713856,
    0.485066,
    0.6117,
    0.55288,
    0.38495,
    0.646293,
    0.253229,
    0.665593,
    0.473108,
    0.572731,
    0.390034,
    0.781563,
    0.705366,
    0.592665,
    0.363628,
    0.592018,
    0.247401,
    0.334607,
    0.499024,
    0.559642,
    0.778433,
    0.372342,
    0.514518,
    0.575737,
    0.355917,
    0.324169,
    0.584176,
    0.389124,
    0.486025,
    0.562611,
    0.62144,
    0.750732,
    0.456921,
    0.829985,
    0.544911,
    0.496886,
    0.4228,
    0.724997,
    0.312249
  ],
  "买家平均效用": 0.531717,
  "卖家总效用列表": [
    -0.09563,
    -0.998774,
    -0.129546
  ]
}