{
  "总轮次": 50,
  "平台总效用": 11.139405,
  "买家总效用列表": [
    0.661986,
    0.590665,
    0.745124,
    0.586756,
    0.256279,
    0.86007,
    0.649395,
    0.673878,
    0.273012,
    0.535409,
    0.370126,
    0.812078,
    0.534205,
    0.709922,
    0.38629,
    0.320203,
    0.44651,
    0.26139,
    0.714707,
    0.522221,
    0.646398,
    0.365721,
    0.85523,
    0.779035,
    0.666333,
    0.375495,
    0.389974,
    0.231362,
    0.340412,
    0.572691,
    0.633309,
    0.852102,
    0.35696,
    0.514878,
    0.390896,
    0.372,
    0.314015,
    0.391449,
    0.402644,
    0.559692,
    0.577166,
    0.719664,
    0.589604,
    0.470486,
    0.719253,
    0.692245,
    0.520154,
    0.343246,
    0.572148,
    0.322892
  ],
  "买家平均效用": 0.528954,
  "卖家总效用列表": [
    0.038862,
    -0.998964,
    0.090976
  ]
}