mode,reference_mode,rounds,platform_utility,platform_baseline,platform_gap,buyer_average_utility,buyer_average_baseline,buyer_average_gap,pass_epsilon
all_rule,all_rule,50,12.961287,12.961287,0.0,0.475263,0.475263,0.0,True
seller_agent,all_rule,50,12.470285,12.961287,0.49100199999999994,0.510416,0.475263,-0.03515299999999999,False
buyer_agent,all_rule,50,10.441741,12.961287,2.519546,0.52071,0.475263,-0.045447000000000015,False
both_agent,all_rule,50,9.642807,12.961287,3.318480000000001,0.556456,0.475263,-0.08119299999999996,False
