{
  "总轮次": 50,
  "平台总效用": 12.661694,
  "买家总效用列表": [
    0.809319,
    0.431083,
    0.818792,
    0.63587,
    0.258769,
    0.86007,
    0.62484,
    0.649321,
    0.278231,
    0.401616,
    0.377483,
    0.787522,
    0.509648,
    0.685368,
    0.402123,
    0.325287,
    0.421954,
    0.242533,
    0.69015,
    0.497664,
    0.621842,
    0.377144,
    0.830674,
    0.754476,
    0.641779,
    0.312175,
    0.40646,
    0.230285,
    0.291408,
    0.548136,
    0.608752,
    0.827546,
    0.363196,
    0.37941,
    0.407458,
    0.306398,
    0.278127,
    0.407377,
    0.325853,
    0.535136,
    0.397485,
    0.695107,
    0.565046,
    0.360787,
    0.694696,
    0.66769,
    0.385539,
    0.351457,
    0.547592,
    0.284146
  ],
  "买家平均效用": 0.502216,
  "卖家总效用列表": [
    0.22412,
    -0.998257,
    0.168311
  ]
}