{
  "总轮次": 50,
  "平台总效用": 12.691516,
  "买家总效用列表": [
    1.005753,
    0.393893,
    0.622344,
    0.504793,
    0.229207,
    0.73729,
    0.530456,
    0.551097,
    0.23993,
    0.399792,
    0.36115,
    0.689299,
    0.484606,
    0.587143,
    0.392461,
    0.291658,
    0.439925,
    0.209973,
    0.591926,
    0.469357,
    0.523619,
    0.352699,
    0.732452,
    0.656252,
    0.53677,
    0.280016,
    0.407903,
    0.208513,
    0.269189,
    0.497686,
    0.516103,
    0.72932,
    0.345454,
    0.373348,
    0.40539,
    0.273308,
    0.244548,
    0.406104,
    0.301161,
    0.492968,
    0.388309,
    0.596883,
    0.505361,
    0.328965,
    0.596472,
    0.569465,
    0.370837,
    0.336961,
    0.495075,
    0.265268
  ],
  "买家平均效用": 0.454769,
  "卖家总效用列表": [
    0.098424,
    -0.996334,
    0.046063
  ]
}