{
  "总轮次": 50,
  "平台总效用": 8.890512,
  "买家总效用列表": [
    1.005753,
    0.450607,
    0.622344,
    0.632335,
    0.27565,
    0.73729,
    0.689005,
    0.667474,
    0.304647,
    0.533792,
    0.514929,
    0.762968,
    0.57943,
    0.66081,
    0.466551,
    0.393198,
    0.51223,
    0.258173,
    0.665593,
    0.574034,
    0.597287,
    0.421035,
    0.732452,
    0.656252,
    0.719735,
    0.348536,
    0.538974,
    0.238991,
    0.335733,
    0.615927,
    0.515467,
    0.72932,
    0.458351,
    0.494105,
    0.56144,
    0.352984,
    0.311524,
    0.56518,
    0.382431,
    0.738178,
    0.557813,
    0.596883,
    0.633597,
    0.437881,
    0.596472,
    0.569465,
    0.500424,
    0.436533,
    0.738009,
    0.317308
  ],
  "买家平均效用": 0.540102,
  "卖家总效用列表": [
    -0.239835,
    -0.997011,
    -0.180524
  ]
}