{
  "总轮次": 50,
  "平台总效用": 8.490048,
  "买家总效用列表": [
    1.005753,
    0.520024,
    0.622344,
    0.720716,
    0.285695,
    0.712734,
    0.771905,
    0.55721,
    0.313182,
    0.568765,
    0.509675,
    0.664743,
    0.654123,
    0.564031,
    0.515699,
    0.381044,
    0.617279,
    0.265078,
    0.567371,
    0.672158,
    0.79644,
    0.454672,
    0.707896,
    0.607141,
    0.698348,
    0.330616,
    0.560919,
    0.233578,
    0.331023,
    0.619807,
    0.536698,
    0.704764,
    0.428633,
    0.461338,
    0.533913,
    0.351525,
    0.300307,
    0.543649,
    0.37556,
    0.718642,
    0.496867,
    0.57233,
    0.523445,
    0.469865,
    0.571917,
    0.544911,
    0.472369,
    0.382874,
    0.725646,
    0.334022
  ],
  "买家平均效用": 0.537585,
  "卖家总效用列表": [
    -0.254746,
    -0.99789,
    -0.241381
  ]
}