{
  "总轮次": 50,
  "平台总效用": 12.296137,
  "买家总效用列表": [
    0.661986,
    0.581034,
    0.745124,
    0.586756,
    0.282743,
    0.86007,
    0.649395,
    0.673878,
    0.273012,
    0.388533,
    0.370126,
    0.812078,
    0.534205,
    0.709922,
    0.418108,
    0.332882,
    0.44651,
    0.247782,
    0.714707,
    0.522221,
    0.646398,
    0.365721,
    0.85523,
    0.779035,
    0.666333,
    0.348175,
    0.389974,
    0.243774,
    0.312158,
    0.572691,
    0.633309,
    0.852102,
    0.372178,
    0.382041,
    0.407398,
    0.311119,
    0.285939,
    0.4133,
    0.335508,
    0.559692,
    0.41332,
    0.719664,
    0.589604,
    0.360327,
    0.719253,
    0.692245,
    0.366059,
    0.271034,
    0.572148,
    0.294964
  ],
  "买家平均效用": 0.510835,
  "卖家总效用列表": [
    0.144109,
    -0.998794,
    0.198793
  ]
}